uid,movid,sim_length,mov_length,sim_duration,mov_duration,start_ts,end_ts,consumption,legs_consumptions,emergency,scenario,recharges,start_osmid,end_osmid,start_charge,stay_charge,start_loc_type,station_recharge_amounts
10,0,0.0,5045.962708342244,1486.0174464,568.0,1221568155,1221568723,6968638,[6968638],0,3,0,734169365,754404923,136800000,0,O,[]
10,1,0.0,19527.8997370423,4725.9000288000025,2567.0,1221607293,1221609860,22155815,[22155815],0,3,0,754404923,1360097775,129831362,6968638,H,[]
10,2,0.0,4091.1179896025533,3328.6497695999988,926.0,1221695968,1221696894,15793729,[15793729],0,3,0,1360097775,1429524722,114644185,0,O,[]
10,3,0.0,18410.29266658813,3310.126819199999,2127.0,1221785126,1221787253,15369836,[15369836],0,3,0,1429524722,32618842,98850456,37949544,W,[]
10,4,0.0,4250.828895024754,3319.8696287999987,2095.0,1222038113,1222040208,15646995,[15646995],0,3,0,32618842,1429524722,121430164,0,O,[]
10,5,0.0,5095.304386135722,1444.5677375999994,690.0,1222084050,1222084737,6860133,[6860133],0,3,0,734169420,754404923,105783169,31016831,W,[]
10,6,0.0,4071.16363161073,1455.7055616000005,1101.0,1222128011,1222130106,6907224,[6907224],0,3,0,754404923,1429524722,129939867,6860133,H,[]
10,5,0.0,5095.304386135722,1444.5677375999994,690.0,1222173893,1222174583,6860133,[6860133],0,3,0,734169420,754404923,129892776,6907224,W,[]
10,6,0.0,4071.16363161073,1455.7055616000005,1101.0,1222214431,1222217892,6907224,[6907224],0,3,0,754404923,1429524722,129939867,6860133,H,[]
10,7,0.0,1496.4270653126387,3234.5311392000003,292.0,1222256099,1222256391,15069821,[15069821],0,3,0,734169420,9803039736,129892776,6907224,W,[]
10,8,0.0,4024.3291473497366,2826.433439999999,1535.0,1222300766,1222302301,13615677,[13615677],0,3,0,9803039736,1429524722,121730179,0,O,[]
10,9,0.0,4967.984971984827,1494.9849887999994,1128.0,1222339324,1222340452,6942542,[6942542],0,3,0,1429524722,754403200,108114502,28685498,W,[]
10,10,0.0,4068.863683072335,1506.1228128000005,1820.0,1222387062,1222388882,7228310,[7228310],0,3,0,754403200,734169420,129857458,0,O,[]
10,5,0.0,5095.304386135722,1444.5677375999994,690.0,1222428435,1222429330,6860133,[6860133],0,3,0,734169420,754404923,122629148,14170852,W,[]
10,11,0.0,9829.988934406421,2448.3731328000003,1677.0,1222475451,1222477128,11401592,[11401592],0,3,0,754404923,1292883526,129939867,6860133,H,[]
10,12,0.0,20767.756413792522,2701.1112768000007,2836.0,1222515733,1222518569,13076439,[13076439],0,3,0,1292883526,754404923,125398408,0,O,[]
10,13,0.0,3605.2894649306472,1326.9464064000003,1295.0,1222561142,1222562437,6711817,[6711817],0,3,0,754404923,734169790,112321969,24478031,H,[]
10,14,0.0,4013.8745000427657,79.70270400000001,3492.0,1223250688,1223254180,-3627,[-3627],0,3,0,734169790,459582626,130088183,0,O,[]
10,15,0.0,5094.748787801931,1432.0224575999994,768.0,1223292672,1223293440,6760202,[6760202],0,3,0,459582626,754404923,130091810,0,O,[]
10,6,0.0,4071.16363161073,1455.7055616000005,1101.0,1223337618,1223339358,6907224,[6907224],0,3,0,754404923,1429524722,123331608,13468392,H,[]
10,5,0.0,5095.304386135722,1444.5677375999994,690.0,1223376692,1223377460,6860133,[6860133],0,3,0,734169420,754404923,129892776,6907224,W,[]
10,16,0.0,3931.011361227319,1406.6491104000004,1061.0,1223425218,1223426279,6708190,[6708190],0,3,0,754404923,459582626,129939867,6860133,H,[]
10,15,0.0,5094.748787801931,1432.0224575999994,768.0,1223465044,1223465730,6760202,[6760202],0,3,0,459582626,754404923,130091810,0,O,[]
10,13,0.0,3605.2894649306472,1326.9464064000003,1295.0,1223510457,1223511965,6711817,[6711817],0,3,0,754404923,734169790,123331608,13468392,H,[]
10,17,0.0,5080.592469410493,1343.8509119999999,873.0,1223552659,1223553532,5868369,[5868369],0,3,0,734169790,754404923,130088183,0,O,[]
10,6,0.0,4071.16363161073,1455.7055616000005,1101.0,1223596523,1223598156,6907224,[6907224],0,3,0,754404923,1429524722,124219814,12580186,H,[]
10,5,0.0,5095.304386135722,1444.5677375999994,690.0,1223637547,1223638703,6860133,[6860133],0,3,0,734169420,754404923,129892776,6907224,W,[]
10,18,0.0,3493.959716678093,1308.0180672000006,1621.0,1223855129,1223856750,6312088,[6312088],0,3,0,754404923,734170203,129939867,6860133,H,[]
10,19,0.0,5133.040766674016,1363.5827711999998,757.0,1223896438,1223897195,6271462,[6271462],0,3,0,734170203,754404923,130487912,0,O,[]
10,16,0.0,3931.011361227319,1406.6491104000004,1061.0,1223942471,1223943498,6708190,[6708190],0,3,0,754404923,459582626,124216450,12583550,H,[]
10,20,0.0,6765.893998971126,3387.673497599999,1156.0,1224031903,1224033059,15528077,[15528077],0,3,0,459582626,1360099087,130091810,0,O,[]
10,21,0.0,5119.915423917086,4868.230701600001,818.0,1224069010,1224069828,23470671,[23470671],0,3,0,1360099087,754404923,114563733,0,O,[]
10,22,0.0,3572.293141319212,1326.9464064000003,1337.0,1224115310,1224116647,6711817,[6711817],0,3,0,754404923,734169790,91093062,45706938,H,[]
10,23,0.0,5124.341749294085,1343.8509119999999,780.0,1224157193,1224157973,5868369,[5868369],0,3,0,734169790,754404923,130088183,0,O,[]
10,6,0.0,4071.16363161073,1455.7055616000005,1101.0,1224201438,1224202539,6907224,[6907224],0,3,0,754404923,1429524722,124219814,12580186,H,[]
10,5,0.0,5095.304386135722,1444.5677375999994,690.0,1224244099,1224245806,6860133,[6860133],0,3,0,734169420,754404923,129892776,6907224,W,[]
10,24,0.0,4165.77346991744,1596.4454592000006,1261.0,1224459677,1224460938,7688639,[7688639],0,3,0,754404923,1414035073,129939867,6860133,H,[]
10,25,0.0,8383.190865750541,3296.2883903999996,736.0,1224549982,1224550718,14915084,[14915084],0,3,0,1414035073,1754973426,129111361,0,O,[]
52,0,0.0,4299.6090102287035,1107.0286847999998,400.0,1211292980,1211293380,4888676,[4888676],0,3,0,1410935621,5257081812,136800000,0,O,[]
52,1,0.0,965.2816021261332,48.44214720000001,1012.0,1211733897,1211734909,376642,[376642],0,3,0,5257081812,1421587211,131911324,4888676,W,[]
52,2,0.0,9409.240667206035,2504.172672,2104.0,1212226140,1212228244,11624826,[11624826],0,3,0,1421587211,10032701353,136423358,376642,W,[]
52,3,0.0,3900.871430138607,2262.858768,415.0,1213540081,1213540496,10592971,[10592971],0,3,0,10032701353,35864448,125175174,0,O,[]
52,4,0.0,4534.99294274839,449.2607328000001,2905.0,1213960361,1213963266,2091757,[2091757],0,3,0,35864448,9620643061,114582203,0,O,[]
52,5,0.0,4139.411603172978,448.3802304000001,570.0,1214064483,1214065053,2606289,[2606289],0,3,0,9620643061,35864450,112490446,0,O,[]
52,1,0.0,965.2816021261332,48.44214720000001,1012.0,1214398103,1214399063,376642,[376642],0,3,0,5257081812,1421587211,109884157,26915843,W,[]
52,6,0.0,2769.981648379038,1092.4652736,470.0,1214512986,1214513456,5138545,[5138545],0,3,0,1421587211,8250970624,136423358,376642,W,[]
52,7,0.0,5449.906265381086,750.1849344000002,700.0,1215097327,1215098027,3569884,[3569884],0,3,0,8250970624,1420909526,131661455,0,O,[]
52,8,0.0,3727.089028872602,1774.6716384000001,435.0,1215608977,1215609412,7392135,[7392135],0,3,0,1420909526,9620643060,128091571,0,O,[]
52,9,0.0,4963.624475899124,1317.5434080000002,390.0,1215638525,1215638915,6234165,[6234165],0,3,0,9620643060,1817905774,120699436,0,O,[]
52,10,0.0,7227.670092471711,1544.583384,1970.0,1215751271,1215753241,7656727,[7656727],0,3,0,1817905774,1734208309,114465271,0,O,[]
52,11,0.0,7368.749374930392,343.592928,810.0,1216118828,1216122749,1651837,[1651837],0,3,0,1652481727,2174802832,106808544,0,O,[]
52,11,0.0,7368.749374930392,343.592928,810.0,1216296666,1216297476,1651837,[1651837],0,3,0,1652481727,2174802832,105156707,0,O,[]
52,11,0.0,7368.749374930392,343.592928,810.0,1216484701,1216485341,1651837,[1651837],0,3,0,1652481727,2174802832,103504870,0,O,[]
52,12,0.0,8397.36988184877,2404.742256,2500.0,1216626581,1216629081,11521083,[11521083],0,3,0,2174802832,748725492,101853033,34946967,H,[]
52,13,0.0,197.98959586511043,90.39340800000001,565.0,1216632616,1216633181,443533,[443533],0,3,0,748725492,824055759,125278917,0,O,[]
52,14,0.0,2580.3440664720215,3058.643721600001,450.0,1216875705,1216876155,15150702,[15150702],0,3,0,824055759,32618842,124835384,0,O,[]
52,15,0.0,4655.60160110435,3453.3662796000017,930.0,1216969944,1216970874,19183969,[19183969],0,3,0,32618842,294123336,109684682,0,O,[]
52,16,0.0,1918.0111075590028,2903.0685119999994,770.0,1222958042,1222958812,12274839,[12274839],0,3,0,294123336,2174802832,90500713,0,O,[]
89,0,0.0,6076.597168429732,-2,3016.0,1209604183,1209607199,-2,[],1,3,0,1360092416,7106131574,136800000,0,O,[]
89,1,0.0,19346.08087940353,899.4556224,2278.0,1209804751,1209807029,4178699,[4178699],0,3,0,7106131574,258970193,136800000,0,O,[]
89,2,0.0,13031.527778377977,2929.303083600002,3475.0,1209961795,1209962915,15204710,[15204710],0,3,0,258970193,1364164051,132621301,4178699,H,[]
89,3,0.0,13398.817874880651,3122.095557600001,1415.0,1209987399,1209988723,16129470,[16129470],0,3,0,1367489041,258970193,121595290,15204710,W,[]
89,2,0.0,13031.527778377977,2929.303083600002,3475.0,1210043296,1210044794,15204710,[15204710],0,3,0,258970193,1364164051,120670530,16129470,H,[]
89,3,0.0,13398.817874880651,3122.095557600001,1415.0,1210075179,1210076594,16129470,[16129470],0,3,0,1367489041,258970193,121595290,15204710,W,[]
89,2,0.0,13031.527778377977,2929.303083600002,3475.0,1210119136,1210122611,15204710,[15204710],0,3,0,258970193,1364164051,120670530,16129470,H,[]
89,3,0.0,13398.817874880651,3122.095557600001,1415.0,1210244379,1210246413,16129470,[16129470],0,3,0,1367489041,258970193,121595290,15204710,W,[]
89,2,0.0,13031.527778377977,2929.303083600002,3475.0,1210307709,1210308415,15204710,[15204710],0,3,0,258970193,1364164051,120670530,16129470,H,[]
89,3,0.0,13398.817874880651,3122.095557600001,1415.0,1210332279,1210335580,16129470,[16129470],0,3,0,1367489041,258970193,121595290,15204710,W,[]
89,4,0.0,1298.4772106998753,233.7926976,309.0,1210386309,1210386618,901198,[901198],0,3,0,258970193,1814086969,120670530,16129470,H,[]
89,4,0.0,1298.4772106998753,233.7926976,309.0,1210387852,1210388575,901198,[901198],0,3,0,258970193,1814086969,135898802,901198,H,[]
89,5,0.0,19052.05783233246,4661.695281600001,2832.0,1210487827,1210490659,18630394,[18630394],0,3,0,258970193,1806444910,135898802,901198,H,[]
89,7,0.0,5665.057332817958,1275.9306624000005,1045.0,1210504048,1210505093,5244335,[5244335],0,3,0,1806444910,528607839,118169606,0,O,[]
89,8,0.0,12566.795183400174,2936.6680896,2060.0,1210507407,1210509467,13730306,[13730306],0,3,0,528607839,2207736104,112925271,0,O,[]
89,9,0.0,3474.5583132299394,1652.7945023999996,1735.0,1211007754,1211009489,7170569,[7170569],0,3,0,2207736104,2293148393,99194965,0,O,[]
89,10,0.0,45491.79556998374,9566.0106948,6888.0,1211009491,1211016379,40775289,[40775289],0,3,0,2293148393,9346372267,92024396,0,O,[]
115,0,80879.38099999998,82477.30451405697,-2,4969.0,1209601936,1209606905,-2,[],1,3,0,2207734245,8060838455,136800000,0,O,[]
115,1,0.0,75767.16598853646,18588.577248,3348.0,1209637844,1209641192,78995117,[78995117],0,3,0,8060838455,9249685502,136800000,0,O,[]
115,2,0.0,6206.019501899251,1518.9635376,689.0,1209646501,1209647190,6891433,[6891433],0,3,0,9249685502,2207734252,57804883,0,O,[]
115,3,0.0,39490.25992824493,6927.457356000004,3827.0,1209942909,1209946565,40031647,[40031647],0,3,0,2207734252,1364164051,50913450,85886550,W,[]
115,5,0.0,12822.502916709333,6802.6912343999975,1032.0,1210155136,1210159125,40448069,[40448069],0,3,0,1364164051,2207734252,96768353,40031647,H,[]
115,3,0.0,39490.25992824493,6927.457356000004,3827.0,1210201959,1210206953,40031647,[40031647],0,3,0,2207734252,1364164051,96351931,40448069,W,[]
115,6,0.0,35041.89214821102,6799.728837599998,3766.0,1210241569,1210245335,40480820,[40480820],0,3,0,1364164051,2207734243,96768353,40031647,H,[]
115,7,0.0,39080.91362823618,6928.286796000005,3249.0,1210288168,1210291417,39904308,[39904308],0,3,0,2207734243,1364164051,96319180,40480820,W,[]
115,5,0.0,12822.502916709333,6802.6912343999975,1032.0,1210673314,1210677522,40448069,[40448069],0,3,0,1364164051,2207734252,96895692,39904308,H,[]
115,3,0.0,39490.25992824493,6927.457356000004,3827.0,1210720591,1210724767,40031647,[40031647],0,3,0,2207734252,1364164051,96351931,40448069,W,[]
115,5,0.0,12822.502916709333,6802.6912343999975,1032.0,1210759597,1210765084,40448069,[40448069],0,3,0,1364164051,2207734252,96768353,40031647,H,[]
115,3,0.0,39490.25992824493,6927.457356000004,3827.0,1210805854,1210809048,40031647,[40031647],0,3,0,2207734252,1364164051,96351931,40448069,W,[]
115,5,0.0,12822.502916709333,6802.6912343999975,1032.0,1210846668,1210850702,40448069,[40448069],0,3,0,1364164051,2207734252,96768353,40031647,H,[]
115,3,0.0,39490.25992824493,6927.457356000004,3827.0,1210894036,1210897863,40031647,[40031647],0,3,0,2207734252,1364164051,96351931,40448069,W,[]
115,5,0.0,12822.502916709333,6802.6912343999975,1032.0,1211364880,1211368978,40448069,[40448069],0,3,0,1364164051,2207734252,96768353,40031647,H,[]
115,3,0.0,39490.25992824493,6927.457356000004,3827.0,1211411680,1211415030,40031647,[40031647],0,3,0,2207734252,1364164051,96351931,40448069,W,[]
115,5,0.0,12822.502916709333,6802.6912343999975,1032.0,1211965833,1211969302,40448069,[40448069],0,3,0,1364164051,2207734252,96768353,40031647,H,[]
115,3,0.0,39490.25992824493,6927.457356000004,3827.0,1212016087,1212019780,40031647,[40031647],0,3,0,2207734252,1364164051,96351931,40448069,W,[]
115,5,0.0,12822.502916709333,6802.6912343999975,1032.0,1212055923,1212059601,40448069,[40448069],0,3,0,1364164051,2207734252,96768353,40031647,H,[]
115,3,0.0,39490.25992824493,6927.457356000004,3827.0,1212102616,1212106425,40031647,[40031647],0,3,0,2207734252,1364164051,96351931,40448069,W,[]
115,5,0.0,12822.502916709333,6802.6912343999975,1032.0,1212138372,1212142962,40448069,[40448069],0,3,0,1364164051,2207734252,96768353,40031647,H,[]
115,3,0.0,39490.25992824493,6927.457356000004,3827.0,1212361407,1212364906,40031647,[40031647],0,3,0,2207734252,1364164051,96351931,40448069,W,[]
115,5,0.0,12822.502916709333,6802.6912343999975,1032.0,1212414459,1212415914,40448069,[40448069],0,3,0,1364164051,2207734252,96768353,40031647,H,[]
115,3,0.0,39490.25992824493,6927.457356000004,3827.0,1212447410,1212451414,40031647,[40031647],0,3,0,2207734252,1364164051,96351931,40448069,W,[]
115,5,0.0,12822.502916709333,6802.6912343999975,1032.0,1212490621,1212491653,40448069,[40448069],0,3,0,1364164051,2207734252,96768353,40031647,H,[]
115,3,0.0,39490.25992824493,6927.457356000004,3827.0,1212534517,1212537815,40031647,[40031647],0,3,0,2207734252,1364164051,96351931,40448069,W,[]
115,5,0.0,12822.502916709333,6802.6912343999975,1032.0,1212573766,1212576985,40448069,[40448069],0,3,0,1364164051,2207734252,96768353,40031647,H,[]
115,3,0.0,39490.25992824493,6927.457356000004,3827.0,1212619899,1212622471,40031647,[40031647],0,3,0,2207734252,1364164051,96351931,40448069,W,[]
115,5,0.0,12822.502916709333,6802.6912343999975,1032.0,1212660377,1212664373,40448069,[40448069],0,3,0,1364164051,2207734252,96768353,40031647,H,[]
115,3,0.0,39490.25992824493,6927.457356000004,3827.0,1212706340,1212709450,40031647,[40031647],0,3,0,2207734252,1364164051,96351931,40448069,W,[]
115,5,0.0,12822.502916709333,6802.6912343999975,1032.0,1212746958,1212751862,40448069,[40448069],0,3,0,1364164051,2207734252,96768353,40031647,H,[]
115,3,0.0,39490.25992824493,6927.457356000004,3827.0,1213051869,1213055258,40031647,[40031647],0,3,0,2207734252,1364164051,96351931,40448069,W,[]
115,5,0.0,12822.502916709333,6802.6912343999975,1032.0,1213106319,1213107662,40448069,[40448069],0,3,0,1364164051,2207734252,96768353,40031647,H,[]
115,3,0.0,39490.25992824493,6927.457356000004,3827.0,1213139380,1213142653,40031647,[40031647],0,3,0,2207734252,1364164051,96351931,40448069,W,[]
115,5,0.0,12822.502916709333,6802.6912343999975,1032.0,1213180456,1213182926,40448069,[40448069],0,3,0,1364164051,2207734252,96768353,40031647,H,[]
115,3,0.0,39490.25992824493,6927.457356000004,3827.0,1213226133,1213229852,40031647,[40031647],0,3,0,2207734252,1364164051,96351931,40448069,W,[]
115,8,0.0,4867.101324616671,1158.8090687999997,898.0,1213242417,1213243315,5374509,[5374509],0,3,0,1364164051,1772777278,96768353,40031647,H,[]
115,10,0.0,7366.69220971704,1563.8728320000005,1013.0,1213248936,1213249949,6689622,[6689622],0,3,0,1772777278,1364164051,131425491,0,O,[]
115,5,0.0,12822.502916709333,6802.6912343999975,1032.0,1213701627,1213702000,40448069,[40448069],0,3,0,1364164051,2207734252,124735869,12064131,H,[]
115,3,0.0,39490.25992824493,6927.457356000004,3827.0,1213743757,1213747225,40031647,[40031647],0,3,0,2207734252,1364164051,96351931,40448069,W,[]
115,11,0.0,15488.359549985444,3667.351723200001,2455.0,1213783816,1213786271,23635201,[23635201],0,3,0,1364164051,688155134,96768353,40031647,H,[]
115,12,0.0,32217.25941332549,3590.7487595999996,3005.0,1213829557,1213832562,19073854,[19073854],0,3,0,688155134,1364164051,113164799,0,O,[]
115,5,0.0,12822.502916709333,6802.6912343999975,1032.0,1213869489,1213873625,40448069,[40448069],0,3,0,1364164051,2207734252,94090945,42709055,H,[]
115,3,0.0,39490.25992824493,6927.457356000004,3827.0,1213916491,1213919342,40031647,[40031647],0,3,0,2207734252,1364164051,96351931,40448069,W,[]
115,5,0.0,12822.502916709333,6802.6912343999975,1032.0,1213956315,1213960453,40448069,[40448069],0,3,0,1364164051,2207734252,96768353,40031647,H,[]
115,3,0.0,39490.25992824493,6927.457356000004,3827.0,1214175404,1214178503,40031647,[40031647],0,3,0,2207734252,1364164051,96351931,40448069,W,[]
115,13,0.0,2824.823144773329,720.6711263999999,729.0,1214217063,1214217792,3430450,[3430450],0,3,0,1364164051,2355089229,96768353,40031647,H,[]
115,14,0.0,33326.10165241347,7426.760140799998,2233.0,1214228584,1214230817,43215056,[43215056],0,3,0,2355089229,2207734252,133369550,0,O,[]
115,3,0.0,39490.25992824493,6927.457356000004,3827.0,1214274537,1214276675,40031647,[40031647],0,3,0,2207734252,1364164051,90154494,46645506,W,[]
115,5,0.0,12822.502916709333,6802.6912343999975,1032.0,1214302754,1214306335,40448069,[40448069],0,3,0,1364164051,2207734252,96768353,40031647,H,[]
115,3,0.0,39490.25992824493,6927.457356000004,3827.0,1214348587,1214351539,40031647,[40031647],0,3,0,2207734252,1364164051,96351931,40448069,W,[]
115,5,0.0,12822.502916709333,6802.6912343999975,1032.0,1214388427,1214392068,40448069,[40448069],0,3,0,1364164051,2207734252,96768353,40031647,H,[]
115,3,0.0,39490.25992824493,6927.457356000004,3827.0,1214444611,1214447331,40031647,[40031647],0,3,0,2207734252,1364164051,96351931,40448069,W,[]
115,5,0.0,12822.502916709333,6802.6912343999975,1032.0,1214475837,1214480815,40448069,[40448069],0,3,0,1364164051,2207734252,96768353,40031647,H,[]
115,3,0.0,39490.25992824493,6927.457356000004,3827.0,1214520495,1214523269,40031647,[40031647],0,3,0,2207734252,1364164051,96351931,40448069,W,[]
115,5,0.0,12822.502916709333,6802.6912343999975,1032.0,1214570287,1214571115,40448069,[40448069],0,3,0,1364164051,2207734252,96768353,40031647,H,[]
115,15,0.0,36845.48243760671,6944.869497599995,2305.0,1214651967,1214654272,29330459,[29330459],0,3,0,2207734252,529690767,96351931,40448069,W,[]
115,16,0.0,33342.57131167805,7106.046278399999,2301.0,1214658728,1214661029,31645711,[31645711],0,3,0,529690767,2207734252,107469541,0,O,[]
115,3,0.0,39490.25992824493,6927.457356000004,3827.0,1214781076,1214788080,40031647,[40031647],0,3,0,2207734252,1364164051,75823830,60976170,W,[]
115,5,0.0,12822.502916709333,6802.6912343999975,1032.0,1214830525,1214833066,40448069,[40448069],0,3,0,1364164051,2207734252,96768353,40031647,H,[]
115,3,0.0,39490.25992824493,6927.457356000004,3827.0,1214881653,1214883765,40031647,[40031647],0,3,0,2207734252,1364164051,96351931,40448069,W,[]
115,5,0.0,12822.502916709333,6802.6912343999975,1032.0,1215002222,1215002917,40448069,[40448069],0,3,0,1364164051,2207734252,96768353,40031647,H,[]
115,3,0.0,39490.25992824493,6927.457356000004,3827.0,1215039360,1215042430,40031647,[40031647],0,3,0,2207734252,1364164051,96351931,40448069,W,[]
115,5,0.0,12822.502916709333,6802.6912343999975,1032.0,1215179651,1215182530,40448069,[40448069],0,3,0,1364164051,2207734252,96768353,40031647,H,[]
115,3,0.0,39490.25992824493,6927.457356000004,3827.0,1215385441,1215389535,40031647,[40031647],0,3,0,2207734252,1364164051,96351931,40448069,W,[]
115,13,0.0,2824.823144773329,720.6711263999999,729.0,1215426522,1215427725,3430450,[3430450],0,3,0,1364164051,2355089229,96768353,40031647,H,[]
115,14,0.0,33326.10165241347,7426.760140799998,2233.0,1215437935,1215440179,43215056,[43215056],0,3,0,2355089229,2207734252,133369550,0,O,[]
115,3,0.0,39490.25992824493,6927.457356000004,3827.0,1215471601,1215474451,40031647,[40031647],0,3,0,2207734252,1364164051,90154494,46645506,W,[]
126,0,0.0,22204.507195465652,6075.463190400001,1988.0,1210400210,1210402198,21544394,[21544394],0,3,0,6818637734,513519735,136800000,0,O,[]
126,1,0.0,9611.719659049422,19872.00157062858,710.0,1211985192,1211985902,121961730,[121961730],0,3,0,513519735,258970059,115255606,21544394,W,[]
126,3,0.0,20103.70212206288,4256.093692800001,1704.0,1217034061,1217035765,28688494,[28688494],0,3,0,258970059,3524759497,14838270,121961730,H,[]
126,4,0.0,32563.126840784822,11554.464153599996,2625.0,1217119322,1217121947,47279918,[47279918],0,3,0,3524759497,9758668169,108111506,0,O,[]
126,5,0.0,28154.16829308574,7525.310831999999,2360.0,1217124272,1217126632,7265162,[7265162],0,3,0,9758668169,9896575506,60831588,0,O,[]
126,6,55471.05799999998,10601.080732801689,-1,890.0,1217515128,1217516018,-1,[],1,3,-1,9896575506,1989838164,53566426,0,O,[]
126,7,0.0,10626.294195155493,2109.2038092000007,1201.0,1217666909,1217668110,13035729,[13035729],0,3,0,1989838164,258970059,136800000,0,O,[]
126,8,0.0,85180.58036938222,2357.0127143999994,5164.0,1218363950,1218369114,18879695,[18879695],0,3,0,258970059,3498529382,123764271,13035729,H,[]
126,9,0.0,12910.677689863021,2316.907152,1238.0,1223701410,1223702648,10186323,[10186323],0,3,0,3498529382,5162792190,117920305,0,O,[]
126,10,0.0,5820.455000412153,7298.6115636,693.0,1223777434,1223778127,39868229,[39868229],0,3,0,5162792190,5880828975,107733982,0,O,[]
128,0,0.0,17987.074067612655,3492.9120672,1635.0,1209811450,1209814123,15828424,[15828424],0,3,0,1989838157,1297030652,136800000,0,O,[]
128,1,0.0,18566.182696307715,3638.3572223999995,2498.0,1209878616,1209885480,15724196,[15724196],0,3,0,1297030676,1989838157,120971576,0,O,[]
128,0,0.0,17987.074067612655,3492.9120672,1635.0,1210082892,1210084620,15828424,[15828424],0,3,0,1989838157,1297030652,105247380,31552620,H,[]
128,1,0.0,18566.182696307715,3638.3572223999995,2498.0,1210383489,1210386880,15724196,[15724196],0,3,0,1297030676,1989838157,120971576,0,O,[]
128,3,0.0,84530.6321028991,13964.210351999996,10870.0,1210396987,1210407857,41244882,[41244882],0,3,0,1989838157,9896575506,105247380,31552620,H,[]
128,4,0.0,5421.50981742801,5090.925427200001,1587.0,1210413764,1210415351,42895119,[42895119],0,3,0,9896575506,9837507967,95555118,0,O,[]
128,5,39104.623,46350.079967393955,-1,3930.0,1210415363,1210419293,-1,[],1,3,-1,9837507967,3456955024,52659999,0,O,[]
128,6,0.0,60605.085269175834,-2,5451.0,1210424527,1210429978,-2,[],1,3,0,3456955024,1297030676,136800000,0,W,[]
128,1,0.0,18566.182696307715,3638.3572223999995,2498.0,1210554215,1210557747,15724196,[15724196],0,3,0,1297030676,1989838157,136800000,0,O,[]
128,7,0.0,18436.280336739987,3656.1320567999996,3802.0,1210759485,1210763287,19094126,[19094126],0,3,0,1989838157,1226476996,121075804,15724196,H,[]
128,8,0.0,30151.402555671983,3778.8939072,5198.0,1210812162,1210817360,17362999,[17362999],0,3,0,1226476996,1989838157,117705874,0,O,[]
128,9,0.0,15999.104580107189,3601.5256799999993,2593.0,1210915851,1210918444,17045897,[17045897],0,3,0,1989838157,2344080221,100342875,36457125,H,[]
128,10,0.0,12746.639389967117,5657.843631085714,3294.0,1210933862,1210937156,30112283,[30112283],0,3,0,2344080221,1414025826,119754103,0,O,[]
128,11,0.0,34485.57861885117,5534.928547199999,3474.0,1210944757,1210948231,24607914,[24607914],0,3,0,1414025826,3456955024,89641820,0,O,[]
128,12,0.0,18521.506558270754,-2,1995.0,1210989641,1210991950,-2,[],1,3,0,3456955024,1989838157,65033906,71766094,W,[]
128,13,0.0,35464.33423681634,4113.2027591999995,5849.0,1211014110,1211019959,32652524,[32652524],0,3,0,1989838157,1736475362,136800000,0,H,[]
128,15,0.0,22624.45938533616,3543.9057791999994,2311.0,1211021181,1211023492,15219963,[15219963],0,3,0,1736475362,529964988,104147476,0,O,[]
128,16,0.0,9305.39364709596,2322.9428831999994,1205.0,1211033602,1211034807,9710359,[9710359],0,3,0,529964988,3456955024,88927513,0,O,[]
128,17,0.0,58587.108855276645,-2,15501.0,1211077339,1211092840,-2,[],1,3,0,3456955024,9138080585,79217154,57582846,W,[]
128,18,0.0,1512.8837491904512,16226.316597600004,1140.0,1211537437,1211538577,102962184,[102962184],0,3,0,9138080585,1734287106,136800000,0,O,[]
128,19,0.0,18568.310047670868,1675.7158176000005,2165.0,1213060719,1213062884,8711576,[8711576],0,3,0,1734287106,1989838157,33837816,0,O,[]
128,0,0.0,17987.074067612655,3492.9120672,1635.0,1214573559,1214576541,15828424,[15828424],0,3,0,1989838157,1297030652,25126240,111673760,H,[]
128,1,0.0,18566.182696307715,3638.3572223999995,2498.0,1214962089,1214964442,15724196,[15724196],0,3,0,1297030676,1989838157,120971576,0,O,[]
128,0,0.0,17987.074067612655,3492.9120672,1635.0,1215006505,1215008353,15828424,[15828424],0,3,0,1989838157,1297030652,105247380,31552620,H,[]
128,20,0.0,6715.07021566295,4999.155213599999,1382.0,1215079905,1215081287,21287090,[21287090],0,3,0,1297030676,1415627406,120971576,0,O,[]
128,21,0.0,18544.52885842813,1595.7645407999998,2077.0,1215134899,1215136976,6803291,[6803291],0,3,0,1415627406,1989838157,99684486,0,O,[]
128,0,0.0,17987.074067612655,3492.9120672,1635.0,1215176627,1215179596,15828424,[15828424],0,3,0,1989838157,1297030652,92881195,43918805,H,[]
128,22,0.0,26953.424945927443,10062.054867600003,3330.0,1215233306,1215236636,61672727,[61672727],0,3,0,1297030676,4696281397,120971576,0,O,[]
128,23,0.0,19216.814630419274,10255.906915200001,2306.0,1215257546,1215259852,56705213,[56705213],0,3,0,4696281397,1297030676,59298849,0,O,[]
128,24,26157.334999999995,30999.637290083385,-1,3536.0,1215326317,1215329853,-1,[],1,3,-1,1297030676,2512646709,2593636,0,O,[]
128,25,0.0,26896.91624138232,5572.713006000002,2047.0,1215341208,1215343255,27667291,[27667291],0,3,0,2512646709,1989838157,136800000,0,O,[]
128,0,0.0,17987.074067612655,3492.9120672,1635.0,1215352957,1215355007,15828424,[15828424],0,3,0,1989838157,1297030652,109132709,27667291,H,[]
128,1,0.0,18566.182696307715,3638.3572223999995,2498.0,1215390937,1215394030,15724196,[15724196],0,3,0,1297030676,1989838157,120971576,0,O,[]
128,26,0.0,6668.016174683574,1641.9856032000002,2209.0,1215402721,1215404930,7214907.0,[7214907.0],0,3,0,1989838157,9736061653,105247380,31287600.0,H,[]
128,27,0.0,23452.61314316841,5458.416530400001,4295.0,1215406477,1215410772,25639432.0,[25639432.0],0,3,0,9736061653,9355741010,129320073.0,0,O,[]
128,29,0.0,531.3891392588529,109.9264608,1313.0,1215411995,1215413308,405930.0,[405930.0],0,3,0,9355741010,1327779371,103680641.0,0,O,[]
128,30,0.0,4610.981823113202,571.7586528,857.0,1215419063,1215419920,2651785.0,[2651785.0],0,3,0,1327779371,529547513,103274711.0,0,O,[]
128,31,0.0,25863.937731397342,7221.6287424,1917.0,1215436498,1215438415,31825859.0,[31825859.0],0,3,0,529547513,1297030676,100622926.0,0,O,[]
128,32,0.0,19049.323121602512,266.7590496,2292.0,1215695168,1215697460,1281820.0,[1281820.0],0,3,0,1297030676,8106090478,68797067.0,0,O,[]
128,33,0.0,25506.941960657587,4692.0831119999975,3859.0,1215732830,1215736689,22858554.0,[22858554.0],0,3,0,8106090478,1808755139,67515247.0,0,O,[]
128,34,0.0,18573.98382922596,4953.729052800001,1839.0,1216300025,1216301864,23320162.0,[23320162.0],0,3,0,1808755139,3456955024,44656693.0,0,O,[]
128,12,0.0,18521.506558270754,-2,1995.0,1216345299,1216347667,-2,[],1,3,0,3456955024,1989838157,21336531.0,115463469.0,W,[]
128,35,0.0,18038.718769450952,3530.6702496,1625.0,1216383754,1216385614,16095935,[16095935],0,3,0,1989838157,3456955024,136800000,0,H,[]
128,36,0.0,28480.118267014626,-2,2797.0,1216442469,1216445266,-2,[],1,3,0,3456955024,4717860429,120704065,16095935,W,[]
128,37,0.0,24668.903316897577,5836.004575200001,2345.0,1217335668,1217338013,28604794,[28604794],0,3,0,4717860429,1989838157,136800000,0,O,[]
128,35,0.0,18038.718769450952,3530.6702496,1625.0,1217507166,1217508670,16095935,[16095935],0,3,0,1989838157,3456955024,108195206,28604794,H,[]
128,12,0.0,18521.506558270754,-2,1995.0,1217552745,1217554740,-2,[],1,3,0,3456955024,1989838157,120704065,16095935,W,[]
128,38,0.0,9922.062305095193,1358.3982528,806.0,1217936116,1217936922,6132235,[6132235],0,3,0,1989838157,563686504,136800000,0,H,[]
128,39,0.0,36404.6666004224,1795.7132351999999,3122.0,1217940363,1217943485,7847866,[7847866],0,3,0,563686504,1989838157,130667765,0,O,[]
128,40,0.0,18141.657791631766,3341.24352,1807.0,1218021009,1218022816,15445770,[15445770],0,3,0,1989838157,11175616099,122819899,13980101,H,[]
128,41,0.0,67775.23107594476,8826.11295634286,5778.0,1218776155,1218781933,39352913,[39352913],0,3,0,11175616099,9810959235,121354230,0,O,[]
128,42,0.0,50440.87666850388,10712.059114628573,3658.0,1218795369,1218799027,52183839,[52183839],0,3,0,9810959235,1989838157,82001317,0,O,[]
128,35,0.0,18038.718769450952,3530.6702496,1625.0,1218805041,1218807989,16095935.0,[16095935.0],0,3,0,1989838157,3456955024,29817478,21650400.0,H,[]
128,12,0.0,18521.506558270754,-2,1995.0,1218976303,1218979247,-2,[],1,3,0,3456955024,1989838157,35371943.0,101428057.0,W,[]
128,43,0.0,13911.41395836353,2376.7232544000003,2915.0,1219665667,1219668582,10690649,[10690649],0,3,0,1989838157,269491207,136800000,0,H,[]
128,44,0.0,18627.661910342147,2382.9679008000003,1824.0,1219801651,1219803475,10357774,[10357774],0,3,0,269491207,1989838157,126109351,0,O,[]
128,35,0.0,18038.718769450952,3530.6702496,1625.0,1219840420,1219842219,16095935,[16095935],0,3,0,1989838157,3456955024,115751577,21048423,H,[]
128,12,0.0,18521.506558270754,-2,1995.0,1219978191,1219979593,-2,[],1,3,0,3456955024,1989838157,120704065,16095935,W,[]
128,35,0.0,18038.718769450952,3530.6702496,1625.0,1220009229,1220010805,16095935,[16095935],0,3,0,1989838157,3456955024,136800000,0,H,[]
128,12,0.0,18521.506558270754,-2,1995.0,1220233659,1220235238,-2,[],1,3,0,3456955024,1989838157,120704065,16095935,W,[]
128,45,0.0,12115.33700551072,2792.284099199999,3006.0,1220606199,1220609205,13426206,[13426206],0,3,0,1989838157,734045580,136800000,0,H,[]
128,46,0.0,23383.213826906358,5601.9872159999995,2703.0,1220617534,1220620237,24523147,[24523147],0,3,0,734045580,3456955024,123373794,0,O,[]
128,47,0.0,36005.37826103208,-2,3555.0,1220670340,1220673895,-2,[],1,3,0,3456955024,273368415,98850647,37949353,W,[]
128,48,0.0,57812.01976815908,11058.3206208,4351.0,1220688337,1220692688,25203862,[25203862],0,3,0,273368415,7694953032,136800000,0,O,[]
128,49,76400.78799999999,18215.52428192467,-1,1708.0,1220758577,1220760285,-1,[],1,3,-1,7694953032,1989838164,111596138,0,O,[]
128,0,0.0,17987.074067612655,3492.9120672,1635.0,1220881779,1220883353,15828424,[15828424],0,3,0,1989838157,1297030652,136800000,0,H,[]
128,50,0.0,18545.44347601155,325.1746944,1733.0,1220966577,1220968310,1499850,[1499850],0,3,0,1297030676,3456955024,120971576,0,O,[]
128,12,0.0,18521.506558270754,-2,1995.0,1221096037,1221098827,-2,[],1,3,0,3456955024,1989838157,119471726,17328274,W,[]
128,0,0.0,17987.074067612655,3492.9120672,1635.0,1221138151,1221139873,15828424,[15828424],0,3,0,1989838157,1297030652,136800000,0,H,[]
128,51,0.0,47558.46374580346,10493.619667200002,3775.0,1221286545,1221290320,52451608,[52451608],0,3,0,1297030676,358012563,120971576,0,O,[]
128,52,0.0,18903.369522025077,4492.2474287999985,1683.0,1221302445,1221304128,27213303,[27213303],0,3,0,358012563,1303500851,68519968,0,O,[]
128,53,0.0,29861.159426899412,6648.7268232000015,1845.0,1221306609,1221308454,34807875,[34807875],0,3,0,1303500851,9122122032,41306665,0,O,[]
128,54,20256.732999999997,25271.370377212952,-1,2725.0,1221465037,1221467762,-1,[],1,3,-1,9122122032,9721787459,6498790,0,O,[]
128,55,0.0,22588.511738182955,5719.965724800001,2604.0,1221471790,1221474394,25155815,[25155815],0,3,0,9721787459,3456955024,136800000,0,O,[]
128,12,0.0,18521.506558270754,-2,1995.0,1221614679,1221618687,-2,[],1,3,0,3456955024,1989838157,111644185,25155815,W,[]
128,35,0.0,18038.718769450952,3530.6702496,1625.0,1221819549,1221821660,16095935,[16095935],0,3,0,1989838157,3456955024,136800000,0,H,[]
128,56,0.0,12362.621806403093,-2,1277.0,1221891399,1221892676,-2,[],1,3,0,3456955024,2407503416,120704065,16095935,W,[]
128,57,0.0,9768.16254377977,1929.6566495999998,1338.0,1221905767,1221907105,8124074,[8124074],0,3,0,2407503416,1297030676,136800000,0,O,[]
128,1,0.0,18566.182696307715,3638.3572223999995,2498.0,1221979650,1221982148,15724196,[15724196],0,3,0,1297030676,1989838157,128675926,0,O,[]
128,58,0.0,8357.794129823546,2504.1501215999992,724.0,1222060424,1222061148,11056338,[11056338],0,3,0,1989838157,2382564270,112951730,23848270,H,[]
128,59,0.0,18314.631456068317,5597.283254399999,1414.0,1222090235,1222091649,26004819,[26004819],0,3,0,2382564270,1297030676,125743662,0,O,[]
128,1,0.0,18566.182696307715,3638.3572223999995,2498.0,1222133499,1222135035,15724196,[15724196],0,3,0,1297030676,1989838157,99738843,0,O,[]
128,35,0.0,18038.718769450952,3530.6702496,1625.0,1222174390,1222175885,16095935,[16095935],0,3,0,1989838157,3456955024,84014647,52785353,H,[]
128,12,0.0,18521.506558270754,-2,1995.0,1222220469,1222222620,-2,[],1,3,0,3456955024,1989838157,120704065,16095935,W,[]
128,60,0.0,15611.976919067638,3298.8881664,2639.0,1222238947,1222241586,16026755,[16026755],0,3,0,1989838157,3318031737,136800000,0,H,[]
128,61,0.0,18575.407946343596,3554.7551135999997,2652.0,1222252991,1222255643,20557137,[20557137],0,3,0,3318031737,1989838157,120773245,0,O,[]
128,35,0.0,18038.718769450952,3530.6702496,1625.0,1222515428,1222516934,16095935,[16095935],0,3,0,1989838157,3456955024,100216108,36583892,H,[]
128,6,0.0,60605.085269175834,-2,5451.0,1222606660,1222608083,-2,[],1,3,0,3456955024,1297030676,120704065,16095935,W,[]
128,62,0.0,24568.85572527659,12838.149766799997,1339.0,1222739768,1222741107,86688504,[86688504],0,3,0,1297030676,9123612870,136800000,0,O,[]
128,63,0.0,1164.2140214373467,4881.662920800001,627.0,1222743518,1222744145,44230416,[44230416],0,3,0,9123612870,1242799491,50111496,0,O,[]
128,64,21606.63799999999,17867.65828129565,-1,2701.0,1223375433,1223378134,-1,[],1,3,-1,1242799491,6346810540,5881080,0,O,[]
128,65,0.0,29906.343828961948,6151.525430400001,1916.0,1223386507,1223388423,29492319,[29492319],0,3,0,6346810540,3456955024,136800000,0,O,[]
128,12,0.0,18521.506558270754,-2,1995.0,1223430189,1223433476,-2,[],1,3,0,3456955024,1989838157,107307681,29492319,W,[]
128,35,0.0,18038.718769450952,3530.6702496,1625.0,1223467717,1223469423,16095935,[16095935],0,3,0,1989838157,3456955024,136800000,0,H,[]
128,12,0.0,18521.506558270754,-2,1995.0,1223515599,1223517282,-2,[],1,3,0,3456955024,1989838157,120704065,16095935,W,[]
128,35,0.0,18038.718769450952,3530.6702496,1625.0,1223561647,1223562543,16095935,[16095935],0,3,0,1989838157,3456955024,136800000,0,H,[]
128,66,0.0,17921.905234535032,4.0751424,1489.0,1223640586,1223642075,212081,[212081],0,3,0,3456955023,3456955024,120704065,16095935,W,[]
128,67,0.0,42128.16506295154,-2,3403.0,1223722385,1223725788,-2,[],1,3,0,3456955024,1303500851,136587919,212081,W,[]
128,68,0.0,33127.81376865956,6750.1144583999985,1936.0,1223727362,1223729298,35442114,[35442114],0,3,0,1303500851,3456955024,136800000,0,O,[]
128,69,0.0,35721.98371224639,-2,3204.0,1223775317,1223778521,-2,[],1,3,0,3456955024,8973230530,101357886,35442114,W,[]
128,70,0.0,53086.4093637074,8754.366951771428,3900.0,1223794138,1223798038,48509849,[48509849],0,3,0,8973230530,291299219,136800000,0,O,[]
128,71,0.0,34949.3169168761,6063.638745599999,3565.0,1223808303,1223811868,26460827.0,[26460827.0],0,3,0,291299219,5258151010,88290151,36954000.0,W,[]
128,72,0.0,11966.508758844044,2826.662313600001,973.0,1223817716,1223818689,14075456.0,[14075456.0],0,3,0,5258151010,1989838157,98783324.0,0,O,[]
128,35,0.0,18038.718769450952,3530.6702496,1625.0,1223984797,1223986056,16095935,[16095935],0,3,0,1989838157,3456955024,84707868.0,52092132.0,H,[]
128,12,0.0,18521.506558270754,-2,1995.0,1224035769,1224037443,-2,[],1,3,0,3456955024,1989838157,120704065,16095935,W,[]
128,35,0.0,18038.718769450952,3530.6702496,1625.0,1224075033,1224076242,16095935,[16095935],0,3,0,1989838157,3456955024,136800000,0,H,[]
128,12,0.0,18521.506558270754,-2,1995.0,1224120487,1224122701,-2,[],1,3,0,3456955024,1989838157,120704065,16095935,W,[]
128,0,0.0,17987.074067612655,3492.9120672,1635.0,1224247362,1224248997,15828424,[15828424],0,3,0,1989838157,1297030652,136800000,0,H,[]
128,73,0.0,326582.66295984376,3778.9436304000005,30072.0,1224380971,1224411043,19171222,[19171222],0,3,0,1297030652,1405150260,120971576,0,O,[]
128,74,0.0,16462.741036327276,3995.5062672,1700.0,1224412228,1224413928,18136183,[18136183],0,3,0,1405150260,3456955024,101800354,0,O,[]
128,12,0.0,18521.506558270754,-2,1995.0,1224465931,1224468447,-2,[],1,3,0,3456955024,1989838157,83664171,53135829,W,[]
128,0,0.0,17987.074067612655,3492.9120672,1635.0,1224514332,1224515708,15828424,[15828424],0,3,0,1989838157,1297030652,136800000,0,H,[]
128,75,0.0,17216.63461882921,6110.8118496,2308.0,1224670661,1224672969,26877546,[26877546],0,3,0,1297030676,5258151010,120971576,0,O,[]
128,65,0.0,29906.343828961948,6151.525430400001,1916.0,1224677291,1224679464,29492319,[29492319],0,3,0,6346810540,3456955024,94094030,0,O,[]
128,12,0.0,18521.506558270754,-2,1995.0,1224725817,1224727891,-2,[],1,3,0,3456955024,1989838157,64601711,72198289,W,[]
128,35,0.0,18038.718769450952,3530.6702496,1625.0,1224854997,1224856332,16095935,[16095935],0,3,0,1989838157,3456955024,136800000,0,H,[]
128,12,0.0,18521.506558270754,-2,1995.0,1224905289,1224907180,-2,[],1,3,0,3456955024,1989838157,120704065,16095935,W,[]
128,35,0.0,18038.718769450952,3530.6702496,1625.0,1224922113,1224923738,16095935,[16095935],0,3,0,1989838157,3456955024,136800000,0,H,[]
128,76,0.0,31325.48775990336,-2,2651.0,1224977223,1224979874,-2,[],1,3,0,3456955024,2512646709,120704065,16095935,W,[]
128,77,0.0,5887.772874558254,547.5758112000001,1188.0,1224997567,1224998755,2322664,[2322664],0,3,0,2512646709,2329249947,136800000,0,O,[]
128,78,0.0,26998.21128062238,5407.154708400002,2203.0,1225000716,1225002919,26486505,[26486505],0,3,0,2329249947,1989838157,134477336,0,O,[]
128,79,0.0,14822.506139491345,2930.0658443999996,1567.0,1225268799,1225270366,20990875,[20990875],0,3,0,1989838157,1838508276,107990831,28809169,H,[]
128,80,0.0,1864.6632129527004,2286.5660748,280.0,1225283536,1225283816,14564581,[14564581],0,3,0,1838508276,8066838122,115809125,0,O,[]
128,81,0.0,33696.98043179447,7705.343181599996,3040.0,1225288977,1225292017,39173105,[39173105],0,3,0,8066838122,3456955024,101244544,0,O,[]
128,12,0.0,18521.506558270754,-2,1995.0,1225330978,1225333690,-2,[],1,3,0,3456955024,1989838157,62071439,74728561,W,[]
128,82,0.0,28650.867709244732,3671.883997199999,4179.0,1225346379,1225350558,23730416,[23730416],0,3,0,1989838157,385028028,136800000,0,H,[]
128,83,0.0,4364.388927739662,963.7211520000001,1068.0,1225355691,1225356759,4019641,[4019641],0,3,0,385028028,2791863258,113069584,0,O,[]
128,84,0.0,21040.152768789874,5103.564732,1447.0,1225366298,1225367745,21779456,[21779456],0,3,0,2791863258,3456955024,109049943,0,O,[]
144,0,0.0,6076.597168429732,-2,3016.0,1209604183,1209607199,-2,[],1,3,0,1360092416,7106131574,136800000,0,O,[]
144,1,0.0,19346.08087940353,899.4556224,2278.0,1209804751,1209807029,4178699,[4178699],0,3,0,7106131574,258970193,136800000,0,O,[]
144,2,0.0,1298.4772106998753,233.7926976,309.0,1210386309,1210386618,901198,[901198],0,3,0,258970193,1814086969,132621301,4178699,H,[]
144,3,0.0,1644.5641623681204,234.728928,723.0,1210387852,1210388575,1156488,[1156488],0,3,0,1814086969,258970193,135898802,0,O,[]
144,4,0.0,19052.05783233246,4661.695281600001,2832.0,1210487827,1210490659,18630394,[18630394],0,3,0,258970193,1806444910,134742314,2057686,H,[]
144,6,0.0,5665.057332817958,1275.9306624000005,1045.0,1210504048,1210505093,5244335.0,[5244335.0],0,3,0,1806444910,528607839,118169606,6829200.0,W,[]
144,7,0.0,12566.795183400174,2936.6680896,2060.0,1210507407,1210509467,13730306.0,[13730306.0],0,3,0,528607839,2207736104,119754471.0,0,O,[]
144,8,0.0,3474.5583132299394,1652.7945023999996,1735.0,1211007754,1211009489,7170569.0,[7170569.0],0,3,0,2207736104,2293148393,106024165.0,0,O,[]
144,9,0.0,45491.79556998374,9566.0106948,6888.0,1211009491,1211016379,40775289.0,[40775289.0],0,3,0,2293148393,9346372267,98853596.0,0,O,[]
144,10,0.0,2198.6895202499077,7999.513862399997,353.0,1211251305,1211251658,38913766.0,[38913766.0],0,3,0,9346372267,11048296168,58078307.0,0,O,[]
153,0,0.0,12866.786282162464,2879.3511936000004,2134.0,1209612378,1209614512,12889685,[12889685],0,3,0,1226548306,754516997,136800000,0,O,[]
153,1,0.0,17980.134688262595,4230.391017599999,2954.0,1210321006,1210323960,19073904,[19073904],0,3,0,754516997,1634975440,123910315,0,O,[]
153,2,0.0,6977.789466182844,1776.7348379999999,771.0,1210403964,1210404735,10012287,[10012287],0,3,0,1634975440,2791863258,104836411,31963589,H,[]
153,3,0.0,1695.5747307895704,657.2762496,320.0,1210410040,1210410360,3022353,[3022353],0,3,0,2791863258,1360092416,126787713,0,O,[]
153,4,0.0,5519.1330836125035,1497.6723744,1342.0,1210417875,1210419217,7176003,[7176003],0,3,0,1360092416,5085556653,123765360,0,O,[]
153,5,0.0,6105.497802697273,1555.3083456000004,662.0,1210429843,1210430505,6505310,[6505310],0,3,0,5085556653,1634975440,116589357,0,O,[]
153,6,0.0,4605.834623324709,1112.9928768000002,620.0,1210553720,1210554797,4726396,[4726396],0,3,0,1634975440,1838498577,110084047,26715953,H,[]
153,7,0.0,3852.9606241823635,1128.4030944,410.0,1210581766,1210582396,5194111,[5194111],0,3,0,1305972690,1634975440,132073604,0,O,[]
153,6,0.0,4605.834623324709,1112.9928768000002,620.0,1210640404,1210641595,4726396,[4726396],0,3,0,1634975440,1838498577,126879493,9920507,H,[]
153,7,0.0,3852.9606241823635,1128.4030944,410.0,1210688682,1210689029,5194111,[5194111],0,3,0,1305972690,1634975440,132073604,0,O,[]
153,6,0.0,4605.834623324709,1112.9928768000002,620.0,1210725983,1210726773,4726396,[4726396],0,3,0,1634975440,1838498577,126879493,9920507,H,[]
153,7,0.0,3852.9606241823635,1128.4030944,410.0,1210774891,1210775301,5194111,[5194111],0,3,0,1305972690,1634975440,132073604,0,O,[]
153,6,0.0,4605.834623324709,1112.9928768000002,620.0,1210813297,1210814301,4726396,[4726396],0,3,0,1634975440,1838498577,126879493,9920507,H,[]
153,7,0.0,3852.9606241823635,1128.4030944,410.0,1210858057,1210858455,5194111,[5194111],0,3,0,1305972690,1634975440,132073604,0,O,[]
153,6,0.0,4605.834623324709,1112.9928768000002,620.0,1210899491,1210900111,4726396,[4726396],0,3,0,1634975440,1838498577,126879493,9920507,H,[]
153,7,0.0,3852.9606241823635,1128.4030944,410.0,1210946307,1210946903,5194111,[5194111],0,3,0,1305972690,1634975440,132073604,0,O,[]
153,8,0.0,16502.50913000978,3557.6984592,1231.0,1211014306,1211015876,21040617,[21040617],0,3,0,1634975440,1989838157,126879493,9920507,H,[]
153,9,0.0,3164.6980928130065,748.2932928000001,651.0,1211021739,1211022390,3694269,[3694269],0,3,0,1989838157,1498572959,115759383,21040617,W,[]
153,10,0.0,14741.137806944062,3908.6261964000014,1065.0,1211033027,1211034476,27173870,[27173870],0,3,0,294117375,1634975440,133105731,0,O,[]
153,11,0.0,5807.556794235716,3291.315249599999,1313.0,1211596025,1211597338,19687476,[19687476],0,3,0,1634975440,2272994450,105931861,30868139,H,[]
153,12,0.0,16576.412016686234,3072.4477740000007,2011.0,1211614138,1211616149,22895650,[22895650],0,3,0,2272994450,1634975440,117112524,0,O,[]
153,13,0.0,26193.763026885525,3857.650984800001,2800.0,1212130466,1212133266,18141441,[18141441],0,3,0,1634975440,2329249949,94216874,42583126,H,[]
153,14,0.0,25084.56541526914,5545.225623600002,2444.0,1212149272,1212151716,27092337,[27092337],0,3,0,2329249949,1687193500,118658559,0,O,[]
153,15,0.0,16903.0696002675,3402.6068844000006,2396.0,1212158808,1212160086,24202774.0,[24202774.0],0,3,0,1989838157,1634975440,91566222,25531200.0,W,[]
153,16,0.0,10515.635458982057,2541.9936456000005,896.0,1212299294,1212300190,15881876,[15881876],0,3,0,1634975440,1359329341,92894648.0,43905352.0,H,[]
153,17,0.0,10569.054813938374,2160.799286399999,1613.0,1212844161,1212845774,16332893,[16332893],0,3,0,1359329341,1634975440,120918124,0,O,[]
153,18,0.0,19665.841099169174,4448.985911999999,1794.0,1212914956,1212916750,24717466,[24717466],0,3,0,1634975440,1653985934,104585231,32214769,H,[]
153,19,0.0,6785.734706350882,1478.1468384000002,770.0,1212927070,1212927840,7305272,[7305272],0,3,0,1653985934,4915843145,112082534,0,O,[]
153,20,0.0,7806.990306518278,1518.4933919999999,1005.0,1213408842,1213409847,6592418,[6592418],0,3,0,4915843145,5940731379,104777262,0,O,[]
153,21,0.0,15971.99564305097,3965.2593228000014,1314.0,1213444839,1213446153,27847197,[27847197],0,3,0,5940731379,1634975440,98184844,0,O,[]
153,2,0.0,6977.789466182844,1776.7348379999999,771.0,1213501608,1213502621,10012287,[10012287],0,3,0,1634975440,2791863258,70337647,66462353,H,[]
153,22,0.0,10573.110116717513,2357.9191907999993,1004.0,1213515708,1213516712,12997708,[12997708],0,3,0,165738239,1634975440,126787713,0,O,[]
153,23,0.0,7387.735984476503,1569.4417439999997,1402.0,1213785290,1213786692,6935780,[6935780],0,3,0,1634975440,491864183,113790005,23009995,H,[]
153,24,0.0,1648.866449046556,3768.124406399999,287.0,1213883470,1213883757,16819157,[16819157],0,3,0,491864183,529493706,129864220,0,O,[]
153,25,0.0,17451.35488479019,3550.901166000001,1414.0,1213885773,1213887187,25035365,[25035365],0,3,0,529493706,244888070,113045063,0,O,[]
153,8,0.0,16502.50913000978,3557.6984592,1231.0,1214098297,1214099670,21040617,[21040617],0,3,0,1634975440,1989838157,88009698,48790302,H,[]
153,26,0.0,3302.766345455385,805.4489663999999,719.0,1214137569,1214138288,3542444,[3542444],0,3,0,1989838157,5634018166,115759383,21040617,W,[]
153,27,0.0,8706.482999932281,3785.198785200001,1404.0,1214312670,1214314074,26437460,[26437460],0,3,0,5634018166,1634975440,133257556,0,O,[]
153,29,0.0,4257.946210436748,4242.0033072,800.0,1214619235,1214620035,24546455,[24546455],0,3,0,1634975440,294117375,106820096,29979904,H,[]
153,10,0.0,14741.137806944062,3908.6261964000014,1065.0,1214661474,1214662539,27173870,[27173870],0,3,0,294117375,1634975440,112253545,0,O,[]
153,30,0.0,2645.1207959429585,3019.486247999999,259.0,1215183275,1215183534,18911992,[18911992],0,3,0,1634975440,1226548306,85079675,51720325,H,[]
153,31,0.0,16186.720640404365,3140.192545200001,1127.0,1215270738,1215271865,22696238,[22696238],0,3,0,1226548306,244888070,117888008,0,O,[]
153,29,0.0,4257.946210436748,4242.0033072,800.0,1215831472,1215832387,24546455,[24546455],0,3,0,1634975440,294117375,95191770,41608230,H,[]
153,10,0.0,14741.137806944062,3908.6261964000014,1065.0,1215867082,1215868642,27173870,[27173870],0,3,0,294117375,1634975440,112253545,0,O,[]
153,30,0.0,2645.1207959429585,3019.486247999999,259.0,1215954145,1215954535,18911992,[18911992],0,3,0,1634975440,1226548306,85079675,51720325,H,[]
153,32,0.0,27290.44253256536,5572.603475999999,4095.0,1216427596,1216431691,38243950,[38243950],0,3,0,1226548306,3524758381,117888008,0,O,[]
153,34,0.0,26055.204560381917,5766.813370800001,2062.0,1216459285,1216461347,28095319,[28095319],0,3,0,3524758381,1364164051,79644058,0,O,[]
153,35,0.0,2337.9862225734532,666.8461728000001,378.0,1216478810,1216479188,3125054.0,[3125054.0],0,3,0,1364164051,1226548306,51548739,62866800.0,W,[]
153,31,0.0,16186.720640404365,3140.192545200001,1127.0,1216821561,1216822687,22696238.0,[22696238.0],0,3,0,1226548306,244888070,111290485.0,0,O,[]
153,36,0.0,27652.3180285592,4876.890476399998,2827.0,1217319180,1217322007,23781695,[23781695],0,3,0,1634975440,2122595128,88594247.0,48205753.0,H,[]
153,37,0.0,26406.312871671926,6185.788462800001,2594.0,1217569082,1217571676,29586755,[29586755],0,3,0,2122595128,533652025,113018305,0,O,[]
153,38,0.0,19797.019733933637,1937.3849568000005,1180.0,1218186261,1218187441,8883962,[8883962],0,3,0,533652025,1634975440,83431550,0,O,[]
153,39,0.0,15859.274467213705,3448.0691712,3456.0,1218703974,1218707430,13998741,[13998741],0,3,0,1634975438,10032701337,74547588,0,O,[]
153,40,0.0,16720.194789891048,3421.4322240000006,1340.0,1218805468,1218806808,15585188,[15585188],0,3,0,10032701337,1634975440,60548847,0,O,[]
153,41,0.0,3788.8173230413186,2782.374105599999,1838.0,1219397693,1219399531,11570549,[11570549],0,3,0,1634975440,734045567,44963659,91836341,H,[]
153,42,0.0,2196.4364665385083,4427.165073599999,220.0,1219467214,1219467434,27664265,[27664265],0,3,0,734045567,2207736107,125229451,0,O,[]
153,43,0.0,112.88997972824629,3858.411672000001,74.0,1219881748,1219881822,27542250,[27542250],0,3,0,2207736107,10048484068,97565186,0,O,[]
153,44,0.0,1193.3468211289462,600.5570688,124.0,1219936980,1219937104,2554428,[2554428],0,3,0,10048484068,1634975440,70022936,0,O,[]
153,8,0.0,16502.50913000978,3557.6984592,1231.0,1220149907,1220151138,21040617,[21040617],0,3,0,1634975440,1989838157,67468508,69331492,H,[]
153,35,0.0,2337.9862225734532,666.8461728000001,378.0,1220190691,1220190937,3125054,[3125054],0,3,0,1364164051,1226548306,115759383,21040617,W,[]
153,45,0.0,22184.616055907463,1430.242272,3120.0,1220347925,1220351045,5949279,[5949279],0,3,0,1226548306,1653985934,133674946,0,O,[]
153,46,0.0,19907.603347106487,4226.511409200001,1516.0,1220361156,1220362672,28533315,[28533315],0,3,0,1653985934,1634975440,127725667,0,O,[]
153,47,0.0,348.4727352726089,84.0748896,498.0,1222412520,1222413018,473733,[473733],0,3,0,1634975440,1817905634,99192352,37607648,H,[]
153,48,0.0,2785.70289493554,2935.4113583999983,352.0,1222524284,1222524636,18438259,[18438259],0,3,0,1817905634,1226548306,136326267,0,O,[]
153,49,0.0,8762.921159315614,2815.4492136,930.0,1222658956,1222659886,18486428,[18486428],0,3,0,1226548306,822458515,117888008,0,O,[]
153,22,0.0,10573.110116717513,2357.9191907999993,1004.0,1222772031,1222772847,12997708,[12997708],0,3,0,165738239,1634975440,99401580,0,O,[]
153,8,0.0,16502.50913000978,3557.6984592,1231.0,1222829135,1222830729,21040617,[21040617],0,3,0,1634975440,1989838157,86403872,50396128,H,[]
153,15,0.0,16903.0696002675,3402.6068844000006,2396.0,1222864555,1222865723,24202774,[24202774],0,3,0,1989838157,1634975440,115759383,21040617,W,[]
153,50,0.0,2846.0045785308535,718.7323104,474.0,1223196250,1223196724,3140956,[3140956],0,3,0,1634975440,1114088473,112597226,24202774,H,[]
153,51,0.0,1284.4485850302087,699.8459616000002,612.0,1223720046,1223720658,3245315,[3245315],0,3,0,1114088473,10203791831,133659044,0,O,[]
153,52,0.0,8594.49032198681,2121.7569948,861.0,1223791410,1223792271,11690827,[11690827],0,3,0,10203791831,1360092416,130413729,0,O,[]
153,53,0.0,16904.154351956466,3025.463691600001,1962.0,1224295641,1224297603,15683817,[15683817],0,3,0,1360092416,1989838157,118722902,0,O,[]
153,15,0.0,16903.0696002675,3402.6068844000006,2396.0,1224328361,1224330757,24202774,[24202774],0,3,0,1989838157,1634975440,103039085,33760915,W,[]
153,54,0.0,12818.408875896743,96.01519680000001,1392.0,1224933977,1224935369,576750,[576750],0,3,0,1634975440,35555071,112597226,24202774,H,[]
153,55,0.0,2804.239241835579,2938.7939183999983,302.0,1225201271,1225201573,18452464,[18452464],0,3,0,35555071,1226548306,136223250,0,O,[]
163,0,0.0,1816.3990384466294,478.1153952000001,188.0,1209605894,1209606082,2242062,[2242062],0,3,0,35868032,9628026970,136800000,0,O,[]
163,1,0.0,13671.96133818846,379.5890688,1358.0,1209889138,1209890496,1533966,[1533966],0,3,0,9628026970,1989838157,134557938,0,O,[]
163,2,0.0,2906.6080834924333,639.3240576000002,394.0,1209906794,1209907188,3039728,[3039728],0,3,0,1989838157,1226548306,133023972,0,O,[]
163,3,0.0,30652.004327512303,7020.1753416,1896.0,1209950322,1209952218,44494664,[44494664],0,3,0,1226548306,244891780,129984244,6815756,H,[]
163,4,0.0,30517.679904986304,6997.2505776000025,2112.0,1210164325,1210166437,33651182,[33651182],0,3,0,244891780,1226548306,92305336,0,O,[]
163,6,0.0,6953.195419197252,2912.9037588,768.0,1210403964,1210404732,17420157,[17420157],0,3,0,1226548306,2791863258,58654154,78145846,H,[]
163,7,0.0,14229.081885626083,2425.4467956,992.0,1210514570,1210515562,13004630,[13004630],0,3,0,2791863258,1634274099,119379843,0,O,[]
163,8,0.0,16556.426781214035,3137.469908400001,1180.0,1210860540,1210861796,22696856,[22696856],0,3,0,1226548306,1634975440,106375213,30424787,H,[]
163,9,0.0,16608.025275429307,3557.6984592,1570.0,1210899488,1210902178,21040617,[21040617],0,3,0,1634975440,1989838157,114103144,22696856,W,[]
163,10,0.0,16015.11919901837,3598.4479391999994,1634.0,1210916189,1210917823,17032972,[17032972],0,3,0,1989838154,2344080221,115759383,0,O,[]
163,11,0.0,18297.144718414234,6802.479144000002,2258.0,1210944645,1210946903,50399056,[50399056],0,3,0,2344080221,1634975440,98726411,0,O,[]
163,9,0.0,16608.025275429307,3557.6984592,1570.0,1211014306,1211015876,21040617,[21040617],0,3,0,1634975440,1989838157,48327355,88472645,W,[]
163,12,0.0,2948.9301011977136,748.2932928000001,633.0,1211021751,1211022384,3694269,[3694269],0,3,0,1989838157,1498572959,115759383,0,O,[]
163,13,0.0,14244.775052526453,1232.5398047999997,910.0,1211121574,1211122484,5627731,[5627731],0,3,0,1498572959,1226548306,112065114,0,O,[]
163,8,0.0,16556.426781214035,3137.469908400001,1180.0,1212844140,1212845774,22696856,[22696856],0,3,0,1226548306,1634975440,106437383,30362617,H,[]
163,14,0.0,19665.841099169174,4448.985911999999,1794.0,1212914956,1212916750,24717466,[24717466],0,3,0,1634975440,1653985934,114103144,22696856,W,[]
163,15,0.0,13717.404346859677,1789.7521536000004,928.0,1213021728,1213022656,9119941,[9119941],0,3,0,1653985934,1226548306,112082534,0,O,[]
163,16,0.0,4708.035072221235,1170.234864,1158.0,1213408689,1213409847,5446944,[5446944],0,3,0,1226548306,1497364663,102962593,33837407,H,[]
163,17,0.0,9655.576159853708,3687.006146400001,1004.0,1213501617,1213502621,19076441,[19076441],0,3,0,1497364663,165738239,131353056,0,O,[]
163,18,0.0,10573.110116717513,2357.9191907999993,1004.0,1213515708,1213516712,12997708,[12997708],0,3,0,165738239,1634975440,112276615,0,O,[]
163,9,0.0,16608.025275429307,3557.6984592,1570.0,1213883470,1213883757,21040617,[21040617],0,3,0,1634975440,1989838157,99278907,37521093,W,[]
163,19,0.0,17451.35488479019,3550.901166000001,1414.0,1213885773,1213887187,25035365,[25035365],0,3,0,529493706,244888070,115759383,0,O,[]
163,9,0.0,16608.025275429307,3557.6984592,1570.0,1214098297,1214099670,21040617,[21040617],0,3,0,1634975440,1989838157,90724018,46075982,W,[]
163,12,0.0,2948.9301011977136,748.2932928000001,633.0,1214619235,1214620035,3694269,[3694269],0,3,0,1989838157,1498572959,115759383,0,O,[]
163,20,0.0,14741.137806944062,3908.6261964000014,1065.0,1214661474,1214662539,27173870,[27173870],0,3,0,294117375,1634975440,112065114,0,O,[]
163,21,0.0,14042.399902935307,3019.486247999999,971.0,1214747961,1214748932,18911992,[18911992],0,3,0,1634975440,1226548306,84891244,51908756,W,[]
163,22,0.0,13653.65213319511,3221.710847999999,1762.0,1214810675,1214812437,14107010,[14107010],0,3,0,1226548306,6225656759,117888008,18911992,H,[]
163,23,0.0,15297.349533858198,3710.1185568,1170.0,1214827380,1214828550,17215540,[17215540],0,3,0,6225656759,1226548306,122692990,0,O,[]
163,8,0.0,16556.426781214035,3137.469908400001,1180.0,1215270683,1215271863,22696856,[22696856],0,3,0,1226548306,1634975440,105477450,31322550,H,[]
163,21,0.0,14042.399902935307,3019.486247999999,971.0,1215351109,1215352084,18911992,[18911992],0,3,0,1634975440,1226548306,114103144,22696856,W,[]
167,0,0.0,9959.956969952656,2009.0719008000003,2080.0,1209802294,1209804374,8700803,[8700803],0,3,0,9320571810,1989838157,136800000,0,O,[]
167,1,0.0,4131.808199872745,958.2144480000001,827.0,1209960848,1209961675,4450340,[4450340],0,3,0,1989838157,529342260,128099197,8700803,H,[]
167,2,0.0,8956.933556471424,1450.5420384000006,1109.0,1210604549,1210605658,6297986,[6297986],0,3,0,529342260,1364164051,132349660,0,O,[]
167,3,0.0,1628.4365929216585,517.8105791999999,268.0,1211121244,1211121512,2173986,[2173986],0,3,0,1364164051,1754973426,126051674,10748326,H,[]
167,4,0.0,8821.519859449461,576.9566496,1087.0,1211470912,1211471999,2609742,[2609742],0,3,0,1754973426,1989838163,134626014,0,O,[]
167,5,0.0,23622.008039100027,5312.4358824,2748.0,1212130318,1212133066,37897288,[37897288],0,3,0,1989838163,1667004554,132016272,0,O,[]
167,6,0.0,3252.9207902328185,2226.8740320000006,1216.0,1212213320,1212214536,9160888,[9160888],0,3,0,1667004554,8861596424,94118984,0,O,[]
167,7,0.0,9206.488498861376,3662.7628463999995,1231.0,1212795363,1212796594,21289766,[21289766],0,3,0,8861596424,11059812327,84958096,0,O,[]
167,8,0.0,5424.673014704995,4284.990460800001,376.0,1213027200,1213027576,18961290,[18961290],0,3,0,11059812327,1360097775,63668330,0,O,[]
167,4,0.0,8821.519859449461,576.9566496,1087.0,1213230389,1213231380,2609742,[2609742],0,3,0,1754973426,1989838163,44707040,0,O,[]
167,9,0.0,19650.17593285412,5088.883201199999,2610.0,1213919621,1213922231,38312600,[38312600],0,3,0,1989838157,8379758661,42097298,94702702,H,[]
167,10,0.0,1463.3193712319724,6501.531096000002,613.0,1214353973,1214354586,34273704,[34273704],0,3,0,8379758661,975801331,98487400,0,O,[]
167,11,0.0,1991.0004111999085,522.4212936,365.0,1214402817,1214403182,2867360,[2867360],0,3,0,975801331,6959725348,64213696,0,O,[]
167,4,0.0,8821.519859449461,576.9566496,1087.0,1216996256,1216996912,2609742,[2609742],0,3,0,1754973426,1989838163,61346336,0,O,[]
167,12,0.0,10626.521852021238,77.9992416,886.0,1217515136,1217516022,391670,[391670],0,3,0,1989838154,1989838165,58736594,78063406,H,[]
167,13,0.0,10626.294195155493,2136.5053452000006,1201.0,1217666909,1217668110,13030830,[13030830],0,3,0,1989838165,258970059,136408330,0,O,[]
167,14,0.0,85180.58036938222,2357.0127143999994,5164.0,1218363950,1218369114,18879695,[18879695],0,3,0,258970059,3498529382,123377500,0,O,[]
167,15,0.0,17342.219572121645,1356.8775264000003,1862.0,1219233954,1219235816,6831793,[6831793],0,3,0,3498529382,2260272741,104497805,0,O,[]
167,16,0.0,3214.2393635429253,3727.9866383999997,948.0,1219677842,1219678790,22633997,[22633997],0,3,0,2260272741,1989838157,97666012,0,O,[]
167,13,0.0,10626.294195155493,2136.5053452000006,1201.0,1220154991,1220156236,13030830,[13030830],0,3,0,1989838165,258970059,75032015,0,O,[]
167,0,0.0,9959.956969952656,2009.0719008000003,2080.0,1221796478,1221796833,8700803,[8700803],0,3,0,9320571810,1989838157,62001185,0,O,[]
167,17,0.0,12910.677689863021,3485.8976940000016,1238.0,1223701410,1223702648,19980274,[19980274],0,3,0,1293134729,5162792190,53300382,0,O,[]
167,18,30848.517,5820.455000412153,-2,693.0,1223777434,1223778127,-2,[],1,3,0,5162792190,5880828975,33320108,0,O,[]
